Area_sqft,Bedrooms,Bathrooms,House_Age_years,Location_Score,Garage,Price
2024,3,2,22,1.9,1,327447
2178,3,3,12,7.6,1,440700
2257,3,2,4,4.5,1,363792
1204,4,4,3,8.1,0,288029
1161,4,5,27,5.4,1,231437
1323,5,5,13,2.6,1,242226
1877,4,4,7,7.6,1,388241
1666,3,3,8,3.3,1,270712
1215,4,4,56,5.4,0,224224
2265,5,4,50,1.7,0,356674
1970,4,4,34,6.6,1,338084
1901,1,1,36,7.0,0,324631
1645,3,2,20,4.4,1,287326
1573,4,5,57,9.6,1,330045
1295,4,4,17,8.9,1,276795
2360,2,2,32,7.4,1,384528
1378,4,5,7,7.4,1,289734
1926,5,5,50,3.3,1,327555
2797,2,1,48,6.9,0,393194
1601,5,5,16,2.8,0,303490
2376,2,2,42,2.3,0,312026
2141,2,1,30,10.0,1,414866
1987,2,3,33,6.6,0,308451
2058,2,1,5,4.9,1,307196
1743,4,5,21,3.6,1,311713
1821,2,1,13,6.4,1,328567
1471,3,4,2,1.4,0,262872
1825,2,1,11,1.9,1,266770
1449,3,4,35,1.3,0,224557
2403,2,3,11,5.5,1,384873
780,4,5,44,6.4,1,174253
2089,2,3,1,1.6,1,334182
2002,4,5,1,7.5,1,347794
1948,4,4,14,3.1,0,283760
2415,1,2,22,7.2,1,374976
1628,5,5,28,9.8,1,341564
1953,1,2,16,7.2,1,341064
770,2,2,31,8.9,1,206184
1551,1,1,6,9.5,1,296075
2313,3,2,29,5.4,1,329522
997,3,4,27,7.3,1,230504
1896,4,3,13,8.7,1,358007
1393,3,2,43,4.2,1,235015
1733,4,5,29,3.4,1,285309
1429,2,1,16,9.5,1,294050
1052,4,5,31,7.5,0,231576
2032,2,1,45,3.0,0,281068
1770,2,3,5,5.0,1,318801
2168,2,3,50,8.2,1,339595
2277,2,3,23,5.9,1,339536
2535,3,3,5,6.8,0,416809
1880,4,3,26,7.8,0,299773
2561,2,2,17,6.6,1,424012
1215,4,3,23,5.9,1,247674
2345,4,3,36,7.7,0,379831
2076,4,3,55,7.5,1,362770
1940,2,2,23,6.7,1,331699
2067,3,2,37,4.2,1,313503
1224,5,5,33,4.7,1,274645
1082,4,5,39,9.7,1,252830
2826,3,2,46,2.0,1,397929
1699,2,1,14,3.4,1,232514
1690,3,4,10,5.4,0,307166
1139,3,4,21,8.5,1,252483
911,4,3,53,2.5,1,132543
1747,2,3,23,3.5,1,280056
1595,3,3,0,1.6,1,256939
1801,3,3,17,7.4,1,287652
1852,3,2,43,3.1,1,221798
3294,4,4,11,4.5,0,482473
1597,4,4,56,5.0,1,315096
2748,3,2,42,9.0,1,443785
2785,5,5,27,4.7,1,426292
2252,2,1,39,2.3,1,330487
1659,2,2,59,5.7,1,281561
983,3,2,6,9.7,0,270049
2087,2,1,22,6.5,1,347037
2411,2,2,20,9.9,1,428568
2849,2,2,33,8.6,1,459058
1230,4,3,10,1.3,1,202362
1654,2,2,21,6.9,1,247148
1234,4,4,41,3.6,1,212952
1420,1,1,34,6.0,1,259023
2199,5,5,51,3.5,0,330355
1392,4,4,28,4.1,1,252304
1305,1,1,41,9.3,0,204655
2278,4,5,27,2.9,0,334183
2070,3,2,58,8.9,0,335273
2010,4,4,17,1.3,1,322714
1408,3,2,13,1.8,1,213193
2576,4,5,17,8.7,0,427707
1809,4,4,27,6.7,0,340934
3228,3,2,23,7.7,1,499292
1897,1,1,7,2.9,0,275457
400,4,4,41,5.8,1,183908
400,3,3,53,7.6,0,119273
2174,3,3,44,6.6,1,349055
2580,1,1,52,5.2,1,368179
1330,3,3,7,9.6,1,272712
3061,5,5,3,7.1,1,515446
2798,3,4,26,9.2,1,464115
1926,3,4,35,7.6,0,399452
2124,4,4,4,7.6,1,389777
2337,4,4,32,1.7,1,374663
2934,3,4,48,4.2,0,434629
2209,3,4,33,8.7,0,345966
1913,5,5,29,3.1,1,284239
2203,4,4,7,2.0,0,341035
2122,2,1,38,3.9,1,334173
2355,2,1,46,3.0,1,325798
858,3,2,25,9.3,1,222131
1990,2,1,56,8.8,1,314898
2076,3,3,36,5.5,1,299521
1756,4,3,33,1.6,0,234607
2270,2,3,6,7.4,1,339442
2953,4,5,39,6.6,0,428684
1883,3,2,27,9.7,1,332610
2215,4,5,38,6.0,1,392200
2764,4,4,38,4.0,0,393553
1897,1,1,27,5.7,1,295831
1267,3,2,13,9.8,0,273121
2169,2,2,52,7.3,1,350456
479,4,5,49,7.0,1,142110
421,4,4,37,3.2,1,153300
2000,3,3,3,7.7,0,314621
400,3,4,41,7.8,1,144505
1011,3,3,17,3.9,1,199397
1572,4,5,43,5.4,1,306744
1367,3,4,47,3.7,1,266323
1711,3,3,24,3.3,0,284221
2468,3,4,6,1.2,1,397358
1943,2,2,37,3.6,1,264331
1296,4,5,27,6.0,1,297779
2613,1,1,4,1.0,1,370026
943,4,5,2,3.5,1,155753
1933,2,3,43,8.9,1,329048
876,2,2,30,6.3,0,189871
1951,4,5,46,6.5,0,318735
1609,5,4,41,4.6,1,260834
2449,4,3,57,7.1,1,442134
2232,2,3,19,2.7,1,329416
1448,2,3,18,8.4,1,287820
1333,4,3,47,2.1,1,182635
1611,3,3,59,6.9,0,252611
2925,2,1,10,4.1,1,392454
2771,4,3,39,7.7,1,469294
1219,4,5,2,5.9,0,272996
2280,5,5,22,5.1,0,364236
761,5,4,6,2.5,1,198833
1532,4,4,22,6.7,0,282802
1243,2,1,6,9.8,1,272222
2442,2,1,45,8.4,0,373884
1026,3,3,33,1.5,1,182627
2058,3,2,41,4.4,1,319551
1800,3,2,18,9.3,1,347226
1695,3,4,57,5.5,0,303795
2803,3,3,8,7.0,0,453374
2856,3,4,47,9.2,1,451597
1713,1,2,50,8.9,1,288211
1592,3,3,17,5.5,0,304794
896,3,3,40,4.9,0,176431
1797,4,3,47,4.1,1,279690
2972,2,3,44,7.5,1,430362
1723,3,3,41,3.6,0,267486
2237,4,5,24,3.2,0,325869
962,3,4,51,4.2,1,217860
1539,1,1,13,2.6,1,199635
2077,3,2,43,7.3,1,376392
1864,3,4,24,6.5,1,321049
2295,5,5,18,5.3,0,357182
1438,2,1,38,4.5,1,230789
750,4,5,54,9.2,1,193974
2473,2,2,14,1.3,1,340319
1238,3,4,15,7.9,1,255721
2104,3,3,26,9.1,0,387007
2071,3,3,39,5.0,1,329439
802,3,4,9,6.0,1,174027
2429,2,3,3,9.5,1,404554
1460,3,3,50,2.9,1,245924
1833,4,3,18,5.7,0,344437
1585,3,4,27,5.3,1,281268
2774,5,5,20,3.3,1,406470
2606,4,4,58,8.4,1,451671
713,3,2,46,9.1,1,207974
3155,1,1,13,8.0,1,500763
1393,3,2,32,2.8,1,229615
3061,4,5,47,1.8,0,409005
1646,3,3,9,6.4,0,305542
1595,4,4,18,1.5,1,270058
1652,3,3,29,7.1,0,275268
1560,4,3,21,5.8,1,293866
3315,2,2,2,7.0,1,492924
1754,4,5,36,6.3,1,339768
1619,3,2,40,4.8,0,265780
1846,3,2,17,2.8,1,257930
1220,3,2,10,3.8,0,182789
2758,3,2,47,5.7,1,402515
917,5,5,1,6.9,1,252460
1432,2,2,11,8.0,1,295364
2362,2,3,53,7.9,1,384873
1825,3,3,5,9.8,0,383167
2130,3,4,42,3.6,1,313320
2720,3,2,58,1.6,0,334693
2402,4,3,39,4.1,1,341645
1882,3,4,43,7.7,0,340375
3054,5,5,28,4.9,1,477124
1423,3,3,58,8.4,1,223020
1740,2,3,29,5.9,1,296454
1782,4,5,1,9.4,1,376589
1739,4,4,8,9.5,1,352571
1158,3,3,46,1.6,0,179776
850,4,4,1,5.1,1,182894
2050,2,3,28,6.5,0,365526
1420,3,3,32,3.3,1,245606
2945,5,4,9,4.7,1,420858
1756,2,1,33,7.1,1,289973
1649,3,2,43,3.0,1,259548
2457,4,5,54,6.4,1,369617
2041,5,4,7,7.3,1,394461
1695,3,4,36,1.8,0,291623
1416,3,4,53,5.5,1,234811
3995,3,2,59,3.4,1,537211
2017,5,5,32,7.5,1,378755
2451,4,5,46,2.7,1,391627
1186,2,1,5,9.0,0,240099
1453,3,4,43,4.9,1,228292
3067,3,3,39,2.8,1,448345
2638,4,4,44,4.9,0,369478
2075,4,3,18,4.7,0,377522
1571,4,5,31,4.9,1,303139
1660,5,5,26,6.3,1,307928
1394,2,3,0,5.7,1,290296
1106,2,3,42,2.3,1,176190
2354,3,2,51,1.6,1,311845
2123,3,3,32,7.6,0,332138
2242,1,1,39,6.0,1,280586
1598,2,3,31,4.2,0,263170
1953,4,5,4,8.3,1,338357
1541,4,4,16,4.5,1,263588
1364,3,4,7,8.2,1,302801
2800,3,2,56,3.8,1,375683
1873,3,2,41,1.7,1,269489
2104,4,4,33,9.4,0,346238
2301,4,3,8,4.6,1,364809
1880,3,2,55,8.1,0,311085
1944,2,1,22,3.5,1,261993
1148,2,1,34,6.8,1,256119
1262,2,3,49,8.9,1,235104
1231,3,2,6,1.4,1,237780
2163,4,4,14,8.5,1,390865
1843,4,4,52,6.1,0,266848
1262,3,2,53,6.5,1,201017
2148,4,4,19,5.7,1,369962
2126,5,4,49,8.9,1,410539
1383,3,3,24,1.4,1,262804
1783,3,3,2,3.3,1,297865
2128,5,4,59,8.9,1,350529
1285,3,2,54,7.8,0,240362
2140,5,5,45,1.2,1,304470
1981,5,4,23,5.7,1,361325
1200,4,3,33,5.8,1,216163
1932,4,5,45,4.6,1,270501
2019,4,3,21,3.7,0,348001
1424,4,3,10,7.1,0,274120
1472,3,4,47,2.9,0,228482
1195,2,1,7,8.2,1,270618
1531,3,2,38,8.2,0,321491
1793,4,5,42,4.7,1,326462
1473,2,3,34,3.6,1,238735
909,1,1,48,3.6,1,153052
1387,2,1,45,5.3,1,216270
1550,4,4,37,7.5,0,291903
2290,5,5,7,4.2,0,382722
2157,5,5,53,6.5,1,351174
2302,3,2,36,4.4,0,334369
1357,4,3,26,3.7,1,252318
1885,4,5,27,1.2,1,308425
400,3,3,39,1.0,1,100433
2057,3,4,33,3.0,0,271864
2167,2,1,31,4.7,1,349571
1589,5,5,14,8.7,0,360637
1977,3,2,43,8.2,1,333136
891,3,3,16,3.4,1,192908
1319,4,3,32,3.2,1,225666
2259,3,3,46,3.0,1,345879
2107,3,3,45,4.1,1,298883
1553,4,3,51,5.5,1,303922
2287,1,1,53,4.9,1,333595
1883,4,4,15,3.0,0,319596
1497,3,4,28,2.2,1,240814
1690,4,3,8,1.1,1,233385
1527,4,4,32,2.4,0,266938
1090,3,3,59,7.3,0,174511
2554,3,4,48,3.2,0,381679
1459,4,3,28,5.2,0,238577
1301,4,4,12,6.3,1,233144
882,4,5,20,9.0,1,248865
400,4,4,57,9.0,1,196070
2221,2,1,20,7.7,1,333680
2276,3,4,4,1.3,1,380796
2516,5,5,9,6.2,0,439639
1711,3,4,5,8.1,1,337639
1607,2,1,55,1.2,1,197249
1495,3,4,50,5.9,1,256353
1550,2,1,56,8.7,1,279054
2472,2,2,12,5.3,1,397491
1784,5,4,0,1.0,0,272243
2027,3,3,19,1.1,1,275477
1535,3,3,56,4.7,0,235154
2593,5,4,46,2.4,1,418601
657,5,5,45,7.0,1,168918
1068,3,4,7,7.4,0,267822
2028,3,3,9,2.6,1,315317
2850,4,3,8,9.0,0,427682
1665,4,5,48,5.0,1,281259
1295,4,5,40,2.3,1,243342
2400,5,5,2,7.9,1,483145
1994,4,4,10,8.1,0,329996
2574,3,2,11,6.8,1,340101
1026,4,5,9,8.7,1,236181
2527,3,2,24,7.6,1,433900
871,4,4,48,8.9,0,171776
1627,4,5,48,4.9,1,324771
2048,2,1,24,7.7,1,365430
1912,3,2,10,10.0,0,355216
2436,3,2,53,7.5,1,363661
704,3,2,35,2.0,1,132362
1885,4,3,38,5.7,1,333777
2520,3,4,52,6.3,1,402562
1836,4,3,25,2.6,1,334711
1115,2,3,13,9.7,1,252097
2405,4,3,38,2.6,0,310479
1411,4,4,55,2.6,1,194288
1305,4,4,39,9.2,1,243968
1230,3,2,0,5.2,1,245307
1681,5,5,55,1.6,1,262761
1910,3,4,53,6.4,1,319116
1039,1,1,3,6.4,1,191354
1162,3,4,29,1.6,1,169586
1383,1,1,11,9.8,1,288018
1227,5,5,55,5.9,1,191263
1822,2,3,34,6.0,0,269600
2017,4,4,12,5.7,0,363002
1934,4,4,51,6.5,1,308559
1935,2,1,30,3.4,1,289592
2803,4,5,37,3.6,1,402254
2054,1,1,42,5.6,0,278484
2270,3,2,22,8.3,0,386473
1551,1,1,3,1.4,0,179274
2366,5,4,51,6.4,0,398652
1523,5,5,15,8.3,0,321108
2047,2,1,6,2.4,1,327651
977,2,3,21,1.1,1,165844
1900,4,5,28,3.8,1,293463
1215,3,3,10,6.3,1,292700
2362,5,5,55,2.2,1,331091
2326,3,2,32,4.8,0,336641
1520,3,3,57,6.0,0,273835
3030,4,3,28,6.4,1,420202
1628,3,3,58,3.5,1,285852
833,5,5,38,4.6,1,173588
1333,5,4,11,8.0,1,289085
1174,2,3,6,9.5,1,274601
2028,1,2,58,8.8,1,322517
1059,5,5,54,6.1,1,254709
1476,5,4,38,4.7,1,234400
1989,2,1,41,4.0,1,304366
1883,4,4,47,2.1,1,307541
1792,3,4,25,2.0,0,294271
1876,3,2,39,7.2,1,276678
1578,4,5,8,3.3,1,250337
838,2,3,40,3.3,1,145701
1562,5,5,33,10.0,1,306919
2081,2,2,44,2.7,1,244921
1718,4,5,12,2.3,1,283223
2035,2,1,54,1.9,1,272152
1448,3,2,54,6.2,1,318534
2397,4,4,35,6.7,0,400157
400,2,3,24,4.3,1,162507
1885,3,2,23,5.8,1,311796
2609,3,2,43,8.1,0,414469
2699,2,2,16,8.4,0,415827
1661,4,5,1,9.6,1,424298
1004,3,2,12,8.4,1,218940
2620,3,3,30,6.1,1,392551
1769,3,2,28,2.6,0,277594
1705,3,2,49,1.9,1,248387
1264,2,1,27,1.5,1,173076
1050,3,3,59,7.0,0,225509
2138,3,4,26,8.3,0,365231
2202,4,4,14,5.6,1,372435
1921,4,5,30,1.5,1,306785
1342,3,2,39,5.8,1,196387
1161,2,3,14,9.4,0,211089
941,2,1,32,6.4,1,213692
1464,2,1,19,8.3,1,255956
1196,2,2,41,8.2,0,221496
774,3,2,11,9.4,1,258291
2191,2,2,36,7.9,1,351823
1009,2,3,8,7.7,0,215128
2390,2,3,22,3.1,1,370102
2036,1,1,7,1.5,1,263363
1977,2,2,31,5.7,1,341113
2799,2,1,47,2.1,0,375169
1029,3,3,13,9.7,0,292038
2324,3,3,26,3.6,1,333021
1621,2,2,24,8.7,1,332994
3343,3,4,12,4.5,0,497512
1572,3,3,54,3.9,0,205606
1475,2,3,20,9.4,0,220696
2055,1,1,44,4.3,1,267349
1675,3,4,30,4.5,1,291809
1345,4,5,36,2.0,1,244334
1218,2,3,47,7.0,0,218183
2675,2,1,57,3.6,1,355647
1102,5,5,42,6.3,0,234790
1934,3,2,53,6.3,1,334060
2434,2,2,4,7.5,1,359673
2463,4,4,12,7.7,1,431567
1439,4,3,27,5.6,1,249011
1676,3,4,42,4.0,0,241456
1560,3,3,24,8.5,0,323106
879,2,3,50,3.8,1,134098
2123,2,1,34,5.6,1,316672
1823,3,4,46,4.6,1,344122
2664,2,2,38,8.7,1,437932
1306,3,3,6,4.9,1,238446
2453,5,5,37,4.5,0,377051
2496,5,4,31,7.2,0,382140
1828,2,2,2,6.4,1,346476
497,4,3,44,2.0,0,130924
1492,3,4,38,5.6,1,285605
2872,4,4,36,7.6,0,470961
1978,3,3,54,9.9,1,332097
2216,1,1,49,6.7,1,287022
1747,2,3,21,4.3,0,285854
1666,3,3,7,3.0,0,287634
680,3,2,16,8.9,1,239876
2277,4,5,51,8.3,1,389418
2448,4,5,26,3.1,0,361991
1229,3,4,32,2.8,1,208698
1693,3,4,45,7.4,0,312029
1612,2,3,16,3.8,1,256588
2052,5,4,41,3.8,1,332634
1473,5,5,11,2.4,0,283636
2359,5,5,47,3.4,1,354534
1843,4,5,45,4.8,1,348639
400,2,3,26,7.6,0,153227
2066,1,2,47,4.0,1,243979
2398,3,4,7,4.0,0,355376
1109,5,5,22,3.6,0,173871
2045,2,1,59,5.3,0,280683
2898,1,1,41,2.6,1,362202
1867,4,5,48,5.4,0,331511
2485,2,1,58,7.3,1,344875
1535,3,3,28,1.3,1,243593
1789,4,5,49,1.1,1,286301
1677,2,2,19,1.7,1,251470
1568,2,2,15,5.8,1,299363
1711,4,5,16,8.7,1,399327
822,4,4,15,1.0,1,168939
1601,5,5,18,9.4,0,347849
2603,3,3,55,2.0,1,332853
1222,2,3,55,8.6,0,205052
1160,4,5,7,5.3,1,281246
1837,3,3,37,6.9,1,338578
1867,2,3,37,5.6,0,264200
2026,4,5,52,5.3,0,294114
1732,2,2,28,8.5,1,292122
1843,3,4,40,7.8,1,325826
1589,2,1,35,5.4,1,243552
1035,3,4,25,2.0,1,191713
1757,3,2,30,2.0,0,272767
2235,3,3,43,8.2,0,374053
2109,4,5,59,5.8,1,361183
753,5,5,11,5.3,1,151272
1951,2,2,54,7.1,1,268672
1264,2,2,16,8.7,0,230069
2635,1,1,14,6.7,1,377715
1996,2,2,8,7.9,1,365616
2338,4,5,38,7.9,1,382687
1813,4,3,41,4.2,1,311533
1760,4,5,47,3.5,1,271572
2698,2,3,11,8.2,1,406038
2384,3,4,31,4.4,0,329319
1871,3,4,24,9.1,0,398877
1680,2,1,38,1.6,1,208816
776,4,5,17,1.5,1,187395
1995,5,5,14,9.3,1,357145
1724,3,4,31,6.8,1,346053
2132,4,5,5,4.4,1,373666
2315,3,2,57,7.8,1,372349
2540,2,1,43,7.1,0,379546
2002,3,3,42,5.8,0,326540
1172,3,4,51,1.9,0,200467
510,1,2,34,8.3,1,133923
1305,4,5,33,8.8,1,274860
2600,4,4,37,2.5,0,373231
2894,3,2,55,8.7,1,461191
1657,3,3,53,8.9,0,292774
